{"_timestamp":1.737684323608127e+09,"epoch":12,"loss":0.3258155553041527,"model":"vit_tiny","val_loss":1.0992088217401144,"args":{"img_pretrain":true,"num_heads":4,"embed_dim":1024,"multimodal_pretrain":true,"lr":1e-06,"tab_model":"TabTransformer","batch_size":8,"weight_decay":0.0001,"n_classes":1,"img_feature_dim":1024,"loss_factor":0.5,"num_layers":2,"multimodal_model":"TransEncoder","num_epochs":50,"tab_feature_dim":64,"tab_pretrain":true,"img_model":"vit_tiny"},"val_recall":0.35664335664335667,"_wandb":{"runtime":3305},"val_precision":0.4657534246575342,"val_accuracy":0.8092522179974652,"_step":36,"val_f1_score":0.403960396039604,"_runtime":3147.628799616}